[
    {
        "rank": 1,
        "title": "Singapore visa for Iranian: Requirements and Fees",
        "url": "https://singaporevisaonline.sg/fees-requirement/iran/"
    },
    {
        "rank": 2,
        "title": "ICA | Visa Detail Page",
        "url": "https://www.ica.gov.sg/enter-transit-depart/entering-singapore/visa_requirements/visa-detail-page/iran"
    },
    {
        "rank": 3,
        "title": "ICA | Check if You Need an Entry Visa",
        "url": "https://www.ica.gov.sg/enter-transit-depart/entering-singapore/visa_requirements"
    },
    {
        "rank": 4,
        "title": "Singapore online e visa for Iranian citizens to travel in 2023",
        "url": "https://visalist.io/singapore/visa-requirements/iran"
    },
    {
        "rank": 5,
        "title": "Ministry of Foreign Affairs Singapore - Visa Information",
        "url": "https://www.mfa.gov.sg/Services/Visitors/Visa-Information"
    },
    {
        "rank": 6,
        "title": "Singapore Visa for Iranian Citizens in 2023 | CheckVisa",
        "url": "https://checkvisa.net/singapore-visa-for-citizens-of-iran/"
    },
    {
        "rank": 7,
        "title": "Ministry of Foreign Affairs Singapore - Iran",
        "url": "https://www.mfa.gov.sg/Countries-Regions/I/Iran-Islamic-Republic-of/Travel-Page"
    },
    {
        "rank": 8,
        "title": "How to get Singapore visa in Iran",
        "url": "https://singaporevisaonline.sg/get-singapore-visa-iran/"
    },
    {
        "rank": 9,
        "title": "Singapore tourist visa for Iranian citizens with US Visa",
        "url": "https://visalist.io/singapore/visa-requirements/iran/us-visa"
    },
    {
        "rank": 10,
        "title": "Singapore Transit VISA For Iranian - Singapore Forum",
        "url": "https://www.tripadvisor.com/ShowTopic-g294265-i1748-k6627128-Singapore_Transit_VISA_For_Iranian-Singapore.html"
    }
]