[
    {
        "rank": 1,
        "title": "chatgptpy · PyPI",
        "url": "https://pypi.org/project/chatgptpy/"
    },
    {
        "rank": 2,
        "title": "Complete ChatGPT API Tutorial in Python - MLK - Machine …",
        "url": "https://machinelearningknowledge.ai/complete-chatgpt-api-tutorial-in-python/"
    },
    {
        "rank": 3,
        "title": "chatgpt-api · PyPI",
        "url": "https://pypi.org/project/chatgpt-api/"
    },
    {
        "rank": 4,
        "title": "How to Use ChatGPT API in Python: A Step-by-Step Guide",
        "url": "https://hackthedeveloper.com/openai-chatgpt-api-python-guide/"
    },
    {
        "rank": 5,
        "title": "How to Build AI Applications with Python Using ChatGPT …",
        "url": "https://www.linkedin.com/pulse/how-build-ai-applications-python-using-chatgpt-api-example"
    },
    {
        "rank": 6,
        "title": "Models - OpenAI API",
        "url": "https://platform.openai.com/docs/models/chatgpt"
    },
    {
        "rank": 7,
        "title": "ChatGPT using Python - CodeWithCurious",
        "url": "https://codewithcurious.com/projects/chatgpt-using-python/"
    },
    {
        "rank": 8,
        "title": "How to use ChatGPT with Python | Next Idea Tech Blog",
        "url": "https://blog.nextideatech.com/how-to-use-chatgpt-with-python/"
    },
    {
        "rank": 9,
        "title": "Create Your First Program Using OpenAI ChatGPT API [Beginner's …",
        "url": "https://www.debugpoint.com/openai-chatgpt-api-python/"
    },
    {
        "rank": 10,
        "title": "GitHub - amrrs/chatgpt-api-python: Python code to use …",
        "url": "https://github.com/amrrs/chatgpt-api-python"
    }
]