[
    {
        "rank": 1,
        "title": "\n            chatgpt-api · PyPI\n          ",
        "url": "https://pypi.org/project/chatgpt-api/"
    },
    {
        "rank": 2,
        "title": "\n            Complete ChatGPT API Tutorial in Python - MLK - Machine Learning Knowledge\n          ",
        "url": "https://machinelearningknowledge.ai/complete-chatgpt-api-tutorial-in-python/"
    },
    {
        "rank": 3,
        "title": "\n            Get Started with ChatGPT API: A Step-by-Step Guide for Python Programmers\n          ",
        "url": "https://www.mikulskibartosz.name/chatgpt-api-with-python/"
    },
    {
        "rank": 4,
        "title": "\n            How to Use ChatGPT API in Python: A Step-by-Step Guide\n          ",
        "url": "https://hackthedeveloper.com/openai-chatgpt-api-python-guide/"
    },
    {
        "rank": 5,
        "title": "\n            A Simple Guide to ChatGPT API with Python | by The PyCoach | Geek Culture | Mar, 2023 | Medium\n          ",
        "url": "https://medium.com/geekculture/a-simple-guide-to-chatgpt-api-with-python-c147985ae28"
    },
    {
        "rank": 6,
        "title": "\n            A simple Python wrapper for the ChatGPT API | Simon Willison’s TILs\n          ",
        "url": "https://til.simonwillison.net/gpt3/chatgpt-api"
    },
    {
        "rank": 7,
        "title": "\n            Using ChatGPT in Python. Practical Examples of Using ChatGPT SDK | by Jeremy Zhang | Geek Culture | Medium\n          ",
        "url": "https://medium.com/geekculture/using-chatgpt-in-python-eeaed9847e72"
    },
    {
        "rank": 8,
        "title": "\n            Create Your First Program Using OpenAI ChatGPT API [Beginner's Guide]\n          ",
        "url": "https://www.debugpoint.com/openai-chatgpt-api-python/"
    },
    {
        "rank": 9,
        "title": "\n            How to use ChatGPT with Python | Next Idea Tech Blog\n          ",
        "url": "https://blog.nextideatech.com/how-to-use-chatgpt-with-python/"
    },
    {
        "rank": 10,
        "title": "\n            ChatGPT using Python - CodeWithCurious\n          ",
        "url": "https://codewithcurious.com/projects/chatgpt-using-python/"
    }
]