[
    {
        "rank": 1,
        "title": "\n            ICA | Visa Detail Page\n          ",
        "url": "https://www.ica.gov.sg/enter-transit-depart/entering-singapore/visa_requirements/visa-detail-page/iran"
    },
    {
        "rank": 2,
        "title": "\n            Singapore tourist visa for Iranian citizens\n          ",
        "url": "https://visalist.io/singapore/visa-requirements/iran"
    },
    {
        "rank": 3,
        "title": "\n            ICA | Check if You Need an Entry Visa\n          ",
        "url": "https://www.ica.gov.sg/enter-transit-depart/entering-singapore/visa_requirements"
    },
    {
        "rank": 4,
        "title": "\n            ICA | Visiting Singapore\n          ",
        "url": "https://www.ica.gov.sg/public-education/visiting-singapore"
    },
    {
        "rank": 5,
        "title": "\n            Singapore visa for Iranian: Requirements and Fees\n          ",
        "url": "https://singaporevisaonline.sg/fees-requirement/iran/"
    },
    {
        "rank": 6,
        "title": "\n            Ministry of Foreign Affairs Singapore - Visa Information\n          ",
        "url": "https://www.mfa.gov.sg/Services/Visitors/Visa-Information"
    },
    {
        "rank": 7,
        "title": "\n            ICA | Check Status/Make Appointment\n          ",
        "url": "https://www.ica.gov.sg/check-status-make-appointment"
    },
    {
        "rank": 8,
        "title": "\n            Official Singapore eVisa Online Application Center\n          ",
        "url": "https://www.singapore-visa.sg/"
    },
    {
        "rank": 9,
        "title": "\n            ICA | Visa Detail Page\n          ",
        "url": "https://www.ica.gov.sg/enter-transit-depart/entering-singapore/visa_requirements/visa-detail-page/india"
    },
    {
        "rank": 10,
        "title": "\n            ICA | Entering Singapore\n          ",
        "url": "https://www.ica.gov.sg/enter-transit-depart/entering-singapore"
    }
]